{
  "課表": {
    "學期": "113學年度上學期",
    "學生": {
      "姓名": "林立錡",
      "學號": "41247019S",
      "科系": "資訊工程學系"
    },
    "每週課程": {
      "星期一": [
        {
          "名稱": "資訊安全",
          "時間": "09:10-12:10",
          "地點": "B102",
          "教師": "紀博文"
        }
      ],
      "星期二": [
        {
          "名稱": "線性代數（助教）",
          "時間": "10:10-12:10",
          "地點": "B101",
          "教師": "官振傑"
        },
        {
          "名稱": "網路計算與XML",
          "時間": "14:20-17:20",
          "地點": "B102",
          "教師": "葉耀明"
        }
      ],
      "星期三": [
        {
          "名稱": "學習評量（教）",
          "時間": "13:20-15:10",
          "地點": "樸301",
          "教師": "林碧芳"
        }
      ],
      "星期四": [
        {
          "名稱": "資料通訊",
          "時間": "09:10-12:10",
          "地點": "B102",
          "教師": "王超"
        },
        {
          "名稱": "多元文化",
          "時間": "15:30-17:20",
          "地點": "S204",
          "教師": "范俊銘"
        }
      ],
      "星期五": [
        {
          "名稱": "資料結構",
          "時間": "14:20-17:20",
          "地點": "B102",
          "教師": "王鈞右"
        }
      ]
    }
  }
}
